Row Name,Timer,Line
0,20,1
1,20,3
2,407,2
3,407,4
4,794,2
5,794,3
6,1085,1
7,1085,4
8,1375,2
9,1375,3
10,1762,3
11,1762,4
12,2053,2
13,2053,1
14,2343,3
15,2343,4
16,2633,2
17,2633,3
18,2923,2
19,3117,1
20,3117,3
21,3504,4
22,3504,2
23,3891,1
24,3891,2
25,4182,3
26,4182,4
27,4472,1
28,4472,2
29,4859,3
30,4859,4
31,5053,1
32,5149,2
33,5246,3
34,5440,1
35,5440,2
36,5730,3
37,5730,4
38,6020,3
39,6020,1
40,6214,4
41,6407,3
42,6601,1
43,6601,4
44,6794,2
45,6988,4
46,7182,3
47,7278,4
48,7569,4
49,7569,1
50,7762,2
51,7956,4
52,7956,3
53,8149,1
54,8343,2
55,8536,3
56,8536,4
57,8730,2
58,8827,1
59,9117,4
60,9117,3
61,9311,1
62,9311,2
63,9504,4
64,9698,3
65,9698,2
66,9891,1
67,10085,3
68,10085,4
69,10278,1
70,10375,2
71,10665,3
72,10859,1
73,10859,4
74,11246,3
75,11246,2
76,11633,2
77,11633,3
78,12020,1
79,12020,4
80,12069,3
81,12069,2
82,12407,1
83,12407,4
84,12407,2
85,12794,1
86,12794,4
87,12794,3
88,13182,1
89,13182,4
90,13182,2
91,13472,4
92,13472,1
93,13762,2
94,13956,1
95,13956,4
96,13956,3
97,14343,1
98,14343,4
99,14343,3
100,14730,4
101,14730,2
102,14730,3
103,15020,1
104,15020,4
105,15311,2
106,15407,3
107,15504,1
108,15504,4
109,15891,1
110,15891,4
111,15891,2
112,16278,1
113,16278,4
114,16278,3
115,16569,1
116,16569,4
117,16859,3
118,17053,1
119,17053,4
120,17053,2
121,17440,2
122,17440,3
123,17440,1
124,17827,3
125,17827,4
126,18117,2
127,18117,1
128,18311,3
129,18407,2
130,18601,1
131,18601,4
132,18601,3
133,18988,1
134,18988,4
135,18988,2
136,19375,1
137,19375,4
138,19375,3
139,19665,1
140,19665,4
141,19956,2
142,20149,1
143,20149,4
144,20149,3
145,20536,1
146,20536,4
147,20536,2
148,20923,2
149,20923,3
150,20923,4
151,21214,1
152,21214,4
153,21504,2
154,21601,3
155,21698,1
156,21698,4
157,22085,1
158,22085,4
159,22085,3
160,22472,1
161,22472,4
162,22472,2
163,22762,1
164,22762,4
165,23053,1
166,23053,4
167,23246,3
168,23440,1
169,23633,4
170,23827,2
171,23923,3
172,24020,1
173,24407,2
174,24794,3
175,25182,1
176,25182,4
177,25375,2
178,25569,4
179,25859,1
180,25859,4
181,26149,3
182,26343,1
183,26730,1
184,26730,4
185,26923,2
186,27117,1
187,27117,4
188,27407,4
189,27407,1
190,27698,2
191,27891,4
192,27891,1
193,28278,1
194,28278,4
195,28472,3
196,28665,4
197,28665,1
198,28956,1
199,28956,4
200,29246,1
201,29246,3
202,29440,4
203,29827,1
204,30020,4
205,30214,1
206,30214,3
207,30601,1
208,30601,2
209,30794,4
210,30988,1
211,30988,3
212,31375,1
213,31375,4
214,31569,3
215,31762,1
216,31762,4
217,32053,1
218,32053,4
219,32343,2
220,32536,1
221,32536,4
222,32923,1
223,32923,4
224,33117,3
225,33311,1
226,33311,4
227,33601,1
228,33601,4
229,33891,1
230,34085,2
231,34085,4
232,34472,1
233,34472,4
234,34665,3
235,34859,4
236,34859,1
237,35149,1
238,35149,4
239,35440,2
240,35633,4
241,35633,1
242,36020,1
243,36020,4
244,36214,3
245,36407,1
246,36407,4
247,36698,1
248,36698,4
249,36988,3
250,36988,1
251,37182,4
252,37375,3
253,37569,2
254,38730,1
255,38923,2
256,39117,3
257,40278,4
258,40472,3
259,40665,2
260,41440,4
261,41633,1
262,41827,3
263,42214,4
264,42601,3
265,42988,3
266,43375,1
267,43375,4
268,43569,2
269,43762,4
270,43956,1
271,44149,4
272,44343,3
273,44440,1
274,44730,1
275,44923,2
276,44923,4
277,45117,1
278,45311,4
279,45504,2
280,45698,1
281,45891,3
282,45988,2
283,46472,1
284,46472,4
285,46665,2
286,46859,4
287,47053,3
288,47246,1
289,47440,4
290,47536,3
291,47827,1
292,48020,2
293,48020,4
294,48214,3
295,48407,1
296,48601,4
297,48794,1
298,48988,4
299,49085,2
300,49182,1
301,49375,3
302,49569,1
303,49569,2
304,49762,4
305,49956,2
306,50149,3
307,50343,1
308,50536,2
309,50633,4
310,50923,3
311,51117,1
312,51117,2
313,51311,4
314,51504,1
315,51698,3
316,51891,2
317,52182,1
318,52278,2
319,52665,4
320,52665,1
321,52859,3
322,53053,1
323,53246,2
324,53440,4
325,53633,1
326,53730,2
327,54020,4
328,54214,1
329,54988,3
330,54988,4
331,55375,3
332,55375,4
333,55762,4
334,55762,2
335,56149,1
336,56246,2
337,56343,3
338,56536,4
339,56536,1
340,56827,1
341,56827,2
342,57117,4
343,57117,3
344,57504,4
345,57698,1
346,57988,2
347,57988,4
348,58085,3
349,58375,1
350,58375,3
351,58665,2
352,58859,4
353,59053,2
354,59246,1
355,59440,3
356,59633,1
357,59633,4
358,59827,2
359,60020,4
360,60214,3
361,60407,1
362,60407,2
363,60794,3
364,60794,2
365,60988,1
366,61182,4
367,61762,1
368,61956,4
369,62149,3
370,62343,2
371,62536,1
372,62730,4
373,62730,3
374,63311,2
375,63311,4
376,63504,2
377,63504,4
378,63891,3
379,64278,3
380,64472,2
381,64665,1
382,64859,4
383,65053,2
384,65053,3
385,65246,1
386,65440,3
387,65633,4
388,65827,2
389,65827,3
390,66020,1
391,66117,4
392,66407,1
393,66407,3
394,67375,1
395,67762,4
396,68149,1
397,68149,2
398,68149,3
399,68536,2
400,68536,4
401,68536,1
402,68923,1
403,68923,3
404,68923,4
405,69214,3
406,69504,2
407,69698,1
408,69698,3
409,69698,4
410,70085,2
411,70085,4
412,70085,3
413,70472,1
414,70472,2
415,70472,4
416,70762,4
417,71053,2
418,71149,3
419,71246,1
420,71246,4
421,71633,3
422,71633,1
423,71633,4
424,72020,2
425,72020,3
426,72020,4
427,72311,2
428,72311,1
429,72601,3
430,72794,1
431,72794,4
432,73182,4
433,73182,2
434,73182,1
435,73569,1
436,73569,3
437,73569,4
438,73859,1
439,74053,3
440,74149,2
441,74343,1
442,74343,4
443,74343,3
444,74730,3
445,74730,2
446,74730,4
447,75117,3
448,75117,2
449,75117,1
450,75407,2
451,75407,4
452,75407,1
453,75698,3
454,75698,1
455,75891,2
456,75891,4
457,76278,3
458,76278,2
459,76278,1
460,76665,1
461,76665,3
462,76665,4
463,76956,2
464,76956,1
465,77246,3
466,77343,2
467,77440,1
468,77440,4
469,77633,3
470,77827,4
471,78020,2
472,78214,1
473,78407,4
474,78504,3
475,78601,1
476,78794,2
477,78988,3
478,78988,1
479,79182,2
480,79375,4
481,79569,1
482,79762,3
483,79956,1
484,80053,2
485,80343,4
486,80440,2
487,80536,1
488,80536,3
489,80730,2
490,80923,4
491,80923,1
492,81117,3
493,81311,2
494,81504,3
495,81601,1
496,81698,2
497,81891,4
498,82085,1
499,82085,2
500,82278,3
501,82472,4
502,82665,1
503,82859,2
504,83053,4
505,83149,3
506,83343,2
507,83440,4
508,83536,2
509,83633,1
510,83633,3
511,83827,4
512,84020,2
513,84214,1
514,84407,4
515,84601,3
516,84698,1
517,84988,2
518,85182,3
519,85182,1
520,85375,4
521,85569,3
522,85762,4
523,85956,3
524,85956,2
525,86149,4
526,86246,1
527,86536,2
528,86633,3
529,86730,1
530,86730,4
531,86923,2
532,87117,3
533,87311,2
534,87504,4
535,87698,1
536,87794,3
537,87891,4
538,88085,1
539,88278,4
540,88302,3
541,88665,4
542,88689,3
543,89052,4
544,89076,3
545,89440,2
546,89827,1
547,89827,3
548,90020,4
549,90407,3
550,90601,2
551,90601,4
552,90794,1
553,91182,2
554,91375,1
555,91375,3
556,91569,4
557,91956,3
558,92149,2
559,92149,4
560,92343,1
561,92633,3
562,92923,2
563,92923,4
564,93117,1
565,93504,2
566,93698,3
567,93698,1
568,93891,4
569,94278,3
570,94472,2
571,94472,4
572,94665,1
573,95053,2
574,95246,1
575,95246,3
576,95536,4
577,95730,1
578,95827,2
579,96020,3
580,96020,1
581,96214,4
582,96601,3
583,96794,2
584,96794,4
585,96988,1
586,97375,2
587,97569,3
588,97569,1
589,97762,4
590,98149,3
591,98343,2
592,98343,4
593,98536,1
594,98827,4
595,98923,3
596,99020,2
597,99117,1
598,99311,4
599,99504,1
600,99698,4
601,99891,1
602,100085,4
603,100278,1
604,100472,4
605,100665,1
606,101053,1
607,101440,1
608,101633,2
609,101730,3
610,101827,1
611,101923,2
612,102020,3
613,102117,4
